{"accuracy": 0.3195319144711368, "precision": 0.1575352784613067, "recall": 0.11413913549701644, "f1_score": 0.13237124712534548}