{"accuracy": 0.3273620216635172, "precision": 0.15721576559110487, "recall": 0.10884422839730103, "f1_score": 0.12863285788392861}