{"accuracy": 0.5109227678733945, "precision": 0.47329143094235526, "recall": 0.610548547621803, "f1_score": 0.5332288926018692}