{"accuracy": 0.5170121158167503, "precision": 0.47465767672935966, "recall": 0.5635592296907576, "f1_score": 0.5153021743534562}