{"accuracy": 0.3053344673640735, "precision": 0.2917961109193418, "recall": 0.36880567169605527, "f1_score": 0.3258122018982158}