{"accuracy": 0.3041695486270837, "precision": 0.2902115837949061, "recall": 0.36630292448712354, "f1_score": 0.3238476850794794}