{"accuracy": 0.9652104168233201, "precision": 0.9797664725204958, "recall": 0.9818805499460566, "f1_score": 0.9808223720570355}